model,seed,expid,status,exit_code,seconds,best_epoch,test_click_auc,test_click_logloss,test_conv_auc,test_conv_logloss,test_mean_auc,test_mean_logloss,log_path
MTR_sw_ent0001_s2025,2025,MTR_sw_ent0001_s2025,ok,0,513,1,0.619057,0.162272,0.636076,0.00206,0.6275664999999999,0.082166,/root/autodl-tmp/sw_out/logs/MTR_sw_ent0001_s2025.log
MTR_sw_ent0001_s2026,2026,MTR_sw_ent0001_s2026,ok,0,540,1,0.618804,0.161605,0.62865,0.002022,0.623727,0.0818135,/root/autodl-tmp/sw_out/logs/MTR_sw_ent0001_s2026.log
MTR_sw_ent0001_s2027,2027,MTR_sw_ent0001_s2027,ok,0,773,2,0.613346,0.165304,0.629481,0.002188,0.6214135,0.083746,/root/autodl-tmp/sw_out/logs/MTR_sw_ent0001_s2027.log
MTR_sw_ent0003_s2025,2025,MTR_sw_ent0003_s2025,ok,0,520,1,0.618909,0.161545,0.627837,0.002147,0.623373,0.081846,/root/autodl-tmp/sw_out/logs/MTR_sw_ent0003_s2025.log
MTR_sw_ent0003_s2026,2026,MTR_sw_ent0003_s2026,ok,0,585,1,0.618563,0.161652,0.630407,0.002031,0.624485,0.0818415,/root/autodl-tmp/sw_out/logs/MTR_sw_ent0003_s2026.log
MTR_sw_ent0003_s2027,2027,MTR_sw_ent0003_s2027,ok,0,499,1,0.618007,0.161707,0.623498,0.00204,0.6207525,0.08187349999999999,/root/autodl-tmp/sw_out/logs/MTR_sw_ent0003_s2027.log
MTR_sw_g6_gate_s2025,2025,MTR_sw_g6_gate_s2025,ok,0,605,1,0.621187,0.161462,0.63403,0.002023,0.6276085,0.0817425,/root/autodl-tmp/sw_out/logs/MTR_sw_g6_gate_s2025.log
MTR_sw_g6_gate_s2026,2026,MTR_sw_g6_gate_s2026,ok,0,618,1,0.620304,0.161346,0.63635,0.002014,0.628327,0.08167999999999999,/root/autodl-tmp/sw_out/logs/MTR_sw_g6_gate_s2026.log
MTR_sw_g6_gate_s2027,2027,MTR_sw_g6_gate_s2027,ok,0,742,2,0.613342,0.164925,0.632874,0.002305,0.623108,0.083615,/root/autodl-tmp/sw_out/logs/MTR_sw_g6_gate_s2027.log
MTR_sw_g6_mean_s2025,2025,MTR_sw_g6_mean_s2025,ok,0,525,1,0.61976,0.161948,0.638476,0.001988,0.6291180000000001,0.081968,/root/autodl-tmp/sw_out/logs/MTR_sw_g6_mean_s2025.log
MTR_sw_g6_mean_s2026,2026,MTR_sw_g6_mean_s2026,ok,0,633,1,0.619727,0.161639,0.633211,0.002051,0.6264689999999999,0.081845,/root/autodl-tmp/sw_out/logs/MTR_sw_g6_mean_s2026.log
MTR_sw_g6_mean_s2027,2027,MTR_sw_g6_mean_s2027,ok,0,565,1,0.617538,0.162383,0.632491,0.002022,0.6250145,0.0822025,/root/autodl-tmp/sw_out/logs/MTR_sw_g6_mean_s2027.log
MTR_sw_g6_residual_s2025,2025,MTR_sw_g6_residual_s2025,ok,0,608,1,0.620215,0.162621,0.641863,0.002005,0.6310389999999999,0.082313,/root/autodl-tmp/sw_out/logs/MTR_sw_g6_residual_s2025.log
MTR_sw_g6_residual_s2026,2026,MTR_sw_g6_residual_s2026,ok,0,635,1,0.61945,0.161843,0.62834,0.00201,0.623895,0.0819265,/root/autodl-tmp/sw_out/logs/MTR_sw_g6_residual_s2026.log
MTR_sw_g6_residual_s2027,2027,MTR_sw_g6_residual_s2027,ok,0,518,1,0.61973,0.161725,0.633842,0.002025,0.6267860000000001,0.081875,/root/autodl-tmp/sw_out/logs/MTR_sw_g6_residual_s2027.log
MTR_sw_res_ent0001_s2025,2025,MTR_sw_res_ent0001_s2025,ok,0,628,1,0.617976,0.162299,0.63149,0.002055,0.624733,0.082177,/root/autodl-tmp/sw_out/logs/MTR_sw_res_ent0001_s2025.log
MTR_sw_res_ent0001_s2026,2026,MTR_sw_res_ent0001_s2026,ok,0,585,1,0.620179,0.162217,0.630578,0.002165,0.6253785000000001,0.082191,/root/autodl-tmp/sw_out/logs/MTR_sw_res_ent0001_s2026.log
MTR_sw_res_ent0001_s2027,2027,MTR_sw_res_ent0001_s2027,ok,0,510,1,0.617165,0.162425,0.631897,0.002013,0.624531,0.082219,/root/autodl-tmp/sw_out/logs/MTR_sw_res_ent0001_s2027.log
MTR_sw_res_temp2_s2025,2025,MTR_sw_res_temp2_s2025,ok,0,522,1,0.618261,0.162066,0.632695,0.002198,0.625478,0.082132,/root/autodl-tmp/sw_out/logs/MTR_sw_res_temp2_s2025.log
MTR_sw_res_temp2_s2026,2026,MTR_sw_res_temp2_s2026,ok,0,554,1,0.619158,0.162081,0.625381,0.002136,0.6222695,0.0821085,/root/autodl-tmp/sw_out/logs/MTR_sw_res_temp2_s2026.log
MTR_sw_res_temp2_s2027,2027,MTR_sw_res_temp2_s2027,ok,0,479,1,0.619556,0.161556,0.626257,0.001992,0.6229065,0.081774,/root/autodl-tmp/sw_out/logs/MTR_sw_res_temp2_s2027.log
gate_ent0001,,gate_ent0001,failed,-1,-1,,,,,,,,/root/autodl-tmp/sw_out/logs/gate_ent0001.log
gate_ent0003,,gate_ent0003,failed,-1,-1,,,,,,,,/root/autodl-tmp/sw_out/logs/gate_ent0003.log
gate_g6_gate,,gate_g6_gate,failed,-1,-1,,,,,,,,/root/autodl-tmp/sw_out/logs/gate_g6_gate.log
gate_g6_mean,,gate_g6_mean,failed,-1,-1,,,,,,,,/root/autodl-tmp/sw_out/logs/gate_g6_mean.log
gate_g6_residual,,gate_g6_residual,failed,-1,-1,,,,,,,,/root/autodl-tmp/sw_out/logs/gate_g6_residual.log
gate_res_ent0001,,gate_res_ent0001,failed,-1,-1,,,,,,,,/root/autodl-tmp/sw_out/logs/gate_res_ent0001.log
gate_res_temp2,,gate_res_temp2,failed,-1,-1,,,,,,,,/root/autodl-tmp/sw_out/logs/gate_res_temp2.log
