time	phase	kind	expid	attempt	exit	seconds	log
2026-10-10 17:56:01	A	train	MTR_gc_g6_gate_ent0001_s2025	1	0	879	/root/autodl-tmp/gc_out/logs/MTR_gc_g6_gate_ent0001_s2025.log
2026-10-10 17:59:20	A	train	MTR_gc_g6_gate_ent0001_s2026	1	0	1078	/root/autodl-tmp/gc_out/logs/MTR_gc_g6_gate_ent0001_s2026.log
2026-10-10 18:10:20	A	train	MTR_gc_g6_gate_ent0001_s2027	1	0	858	/root/autodl-tmp/gc_out/logs/MTR_gc_g6_gate_ent0001_s2027.log
2026-10-10 18:13:35	A	train	MTR_gc_g6_gate_ent0001_s2028	1	0	853	/root/autodl-tmp/gc_out/logs/MTR_gc_g6_gate_ent0001_s2028.log
2026-10-10 18:24:33	A	train	MTR_gc_g6_gate_ent0001_s2029	1	0	850	/root/autodl-tmp/gc_out/logs/MTR_gc_g6_gate_ent0001_s2029.log
2026-10-10 18:27:51	A	train	MTR_gc_g6_gate_ent0003_s2025	1	0	853	/root/autodl-tmp/gc_out/logs/MTR_gc_g6_gate_ent0003_s2025.log
2026-10-10 18:39:02	A	train	MTR_gc_g6_gate_ent0003_s2026	1	0	869	/root/autodl-tmp/gc_out/logs/MTR_gc_g6_gate_ent0003_s2026.log
2026-10-10 18:42:26	A	train	MTR_gc_g6_gate_ent0003_s2027	1	0	872	/root/autodl-tmp/gc_out/logs/MTR_gc_g6_gate_ent0003_s2027.log
2026-10-10 18:53:16	A	train	MTR_gc_g6_gate_ent0003_s2028	1	0	852	/root/autodl-tmp/gc_out/logs/MTR_gc_g6_gate_ent0003_s2028.log
2026-10-10 18:56:49	A	train	MTR_gc_g6_gate_ent0003_s2029	1	0	860	/root/autodl-tmp/gc_out/logs/MTR_gc_g6_gate_ent0003_s2029.log
2026-10-10 19:07:34	A	train	MTR_gc_g6_gate_ent001_s2025	1	0	854	/root/autodl-tmp/gc_out/logs/MTR_gc_g6_gate_ent001_s2025.log
2026-10-10 19:11:02	A	train	MTR_gc_g6_gate_ent001_s2026	1	0	852	/root/autodl-tmp/gc_out/logs/MTR_gc_g6_gate_ent001_s2026.log
2026-10-10 19:21:52	A	train	MTR_gc_g6_gate_ent001_s2027	1	0	857	/root/autodl-tmp/gc_out/logs/MTR_gc_g6_gate_ent001_s2027.log
2026-10-10 19:25:05	A	train	MTR_gc_g6_gate_ent001_s2028	1	0	840	/root/autodl-tmp/gc_out/logs/MTR_gc_g6_gate_ent001_s2028.log
2026-10-10 19:36:20	A	train	MTR_gc_g6_gate_ent001_s2029	1	0	864	/root/autodl-tmp/gc_out/logs/MTR_gc_g6_gate_ent001_s2029.log
2026-10-10 19:39:19	A	train	MTR_gc_g6_gate_T2_s2025	1	0	853	/root/autodl-tmp/gc_out/logs/MTR_gc_g6_gate_T2_s2025.log
2026-10-10 19:50:07	A	train	MTR_gc_g6_gate_T2_s2026	1	0	826	/root/autodl-tmp/gc_out/logs/MTR_gc_g6_gate_T2_s2026.log
2026-10-10 19:53:16	A	train	MTR_gc_g6_gate_T2_s2027	1	0	834	/root/autodl-tmp/gc_out/logs/MTR_gc_g6_gate_T2_s2027.log
2026-10-10 20:04:23	A	train	MTR_gc_g6_gate_T2_s2028	1	0	851	/root/autodl-tmp/gc_out/logs/MTR_gc_g6_gate_T2_s2028.log
2026-10-10 20:07:13	A	train	MTR_gc_g6_gate_T2_s2029	1	0	836	/root/autodl-tmp/gc_out/logs/MTR_gc_g6_gate_T2_s2029.log
2026-10-10 20:18:28	A	train	MTR_gc_g6_gate_T4_s2025	1	0	840	/root/autodl-tmp/gc_out/logs/MTR_gc_g6_gate_T4_s2025.log
2026-10-10 20:21:18	A	train	MTR_gc_g6_gate_T4_s2026	1	0	840	/root/autodl-tmp/gc_out/logs/MTR_gc_g6_gate_T4_s2026.log
2026-10-10 20:32:44	A	train	MTR_gc_g6_gate_T4_s2027	1	0	851	/root/autodl-tmp/gc_out/logs/MTR_gc_g6_gate_T4_s2027.log
2026-10-10 20:35:33	A	train	MTR_gc_g6_gate_T4_s2028	1	0	850	/root/autodl-tmp/gc_out/logs/MTR_gc_g6_gate_T4_s2028.log
2026-10-10 20:46:55	A	train	MTR_gc_g6_gate_T4_s2029	1	0	846	/root/autodl-tmp/gc_out/logs/MTR_gc_g6_gate_T4_s2029.log
2026-10-10 20:50:00	A	train	MTR_gc_g6_gate_ent001_T2_s2025	1	0	866	/root/autodl-tmp/gc_out/logs/MTR_gc_g6_gate_ent001_T2_s2025.log
2026-10-10 21:00:55	A	train	MTR_gc_g6_gate_ent001_T2_s2026	1	0	836	/root/autodl-tmp/gc_out/logs/MTR_gc_g6_gate_ent001_T2_s2026.log
2026-10-10 21:04:27	A	train	MTR_gc_g6_gate_ent001_T2_s2027	1	0	863	/root/autodl-tmp/gc_out/logs/MTR_gc_g6_gate_ent001_T2_s2027.log
2026-10-10 21:15:13	A	train	MTR_gc_g6_gate_ent001_T2_s2028	1	0	853	/root/autodl-tmp/gc_out/logs/MTR_gc_g6_gate_ent001_T2_s2028.log
2026-10-10 21:18:45	A	train	MTR_gc_g6_gate_ent001_T2_s2029	1	0	855	/root/autodl-tmp/gc_out/logs/MTR_gc_g6_gate_ent001_T2_s2029.log
2026-10-10 21:29:30	A	train	MTR_gc_g6_residual_ent001_s2025	1	0	855	/root/autodl-tmp/gc_out/logs/MTR_gc_g6_residual_ent001_s2025.log
2026-10-10 21:32:57	A	train	MTR_gc_g6_residual_ent001_s2026	1	0	851	/root/autodl-tmp/gc_out/logs/MTR_gc_g6_residual_ent001_s2026.log
2026-10-10 21:44:01	A	train	MTR_gc_g6_residual_ent001_s2027	1	0	870	/root/autodl-tmp/gc_out/logs/MTR_gc_g6_residual_ent001_s2027.log
2026-10-10 21:47:25	A	train	MTR_gc_g6_residual_ent001_s2028	1	0	864	/root/autodl-tmp/gc_out/logs/MTR_gc_g6_residual_ent001_s2028.log
2026-10-10 21:57:03	A	train	MTR_gc_g6_residual_ent001_s2029	1	0	781	/root/autodl-tmp/gc_out/logs/MTR_gc_g6_residual_ent001_s2029.log
2026-10-10 21:57:20	eval	gates	MTR_gc_g6_gate_ent0001_s2026	1	0	16	/root/autodl-tmp/gc_out/analysis/logs/g6_gate_ent0001_s2026.log
2026-10-10 21:57:21	eval	gates	MTR_gc_g6_gate_ent0001_s2025	1	0	17	/root/autodl-tmp/gc_out/analysis/logs/g6_gate_ent0001_s2025.log
2026-10-10 21:57:41	eval	gates	MTR_gc_g6_gate_ent0001_s2028	1	0	17	/root/autodl-tmp/gc_out/analysis/logs/g6_gate_ent0001_s2028.log
2026-10-10 21:57:41	eval	gates	MTR_gc_g6_gate_ent0001_s2027	1	0	17	/root/autodl-tmp/gc_out/analysis/logs/g6_gate_ent0001_s2027.log
2026-10-10 21:58:01	eval	gates	MTR_gc_g6_gate_ent0001_s2029	1	0	17	/root/autodl-tmp/gc_out/analysis/logs/g6_gate_ent0001_s2029.log
2026-10-10 21:58:01	eval	gates	MTR_gc_g6_gate_ent0003_s2025	1	0	17	/root/autodl-tmp/gc_out/analysis/logs/g6_gate_ent0003_s2025.log
2026-10-10 21:58:21	eval	gates	MTR_gc_g6_gate_ent0003_s2027	1	0	17	/root/autodl-tmp/gc_out/analysis/logs/g6_gate_ent0003_s2027.log
2026-10-10 21:58:21	eval	gates	MTR_gc_g6_gate_ent0003_s2026	1	0	17	/root/autodl-tmp/gc_out/analysis/logs/g6_gate_ent0003_s2026.log
2026-10-10 21:58:41	eval	gates	MTR_gc_g6_gate_ent0003_s2029	1	0	17	/root/autodl-tmp/gc_out/analysis/logs/g6_gate_ent0003_s2029.log
2026-10-10 21:58:41	eval	gates	MTR_gc_g6_gate_ent0003_s2028	1	0	17	/root/autodl-tmp/gc_out/analysis/logs/g6_gate_ent0003_s2028.log
2026-10-10 21:59:01	eval	gates	MTR_gc_g6_gate_ent001_s2025	1	0	17	/root/autodl-tmp/gc_out/analysis/logs/g6_gate_ent001_s2025.log
2026-10-10 21:59:01	eval	gates	MTR_gc_g6_gate_ent001_s2026	1	0	17	/root/autodl-tmp/gc_out/analysis/logs/g6_gate_ent001_s2026.log
2026-10-10 21:59:21	eval	gates	MTR_gc_g6_gate_ent001_s2028	1	0	17	/root/autodl-tmp/gc_out/analysis/logs/g6_gate_ent001_s2028.log
2026-10-10 21:59:21	eval	gates	MTR_gc_g6_gate_ent001_s2027	1	0	17	/root/autodl-tmp/gc_out/analysis/logs/g6_gate_ent001_s2027.log
2026-10-10 21:59:41	eval	gates	MTR_gc_g6_gate_ent001_s2029	1	0	17	/root/autodl-tmp/gc_out/analysis/logs/g6_gate_ent001_s2029.log
2026-10-10 21:59:41	eval	gates	MTR_gc_g6_gate_T2_s2025	1	0	17	/root/autodl-tmp/gc_out/analysis/logs/g6_gate_T2_s2025.log
2026-10-10 22:00:01	eval	gates	MTR_gc_g6_gate_T2_s2027	1	0	17	/root/autodl-tmp/gc_out/analysis/logs/g6_gate_T2_s2027.log
2026-10-10 22:00:01	eval	gates	MTR_gc_g6_gate_T2_s2026	1	0	17	/root/autodl-tmp/gc_out/analysis/logs/g6_gate_T2_s2026.log
2026-10-10 22:00:20	eval	gates	MTR_gc_g6_gate_T2_s2028	1	0	16	/root/autodl-tmp/gc_out/analysis/logs/g6_gate_T2_s2028.log
2026-10-10 22:00:21	eval	gates	MTR_gc_g6_gate_T2_s2029	1	0	17	/root/autodl-tmp/gc_out/analysis/logs/g6_gate_T2_s2029.log
2026-10-10 22:00:41	eval	gates	MTR_gc_g6_gate_T4_s2025	1	0	17	/root/autodl-tmp/gc_out/analysis/logs/g6_gate_T4_s2025.log
2026-10-10 22:00:41	eval	gates	MTR_gc_g6_gate_T4_s2026	1	0	17	/root/autodl-tmp/gc_out/analysis/logs/g6_gate_T4_s2026.log
2026-10-10 22:01:01	eval	gates	MTR_gc_g6_gate_T4_s2027	1	0	17	/root/autodl-tmp/gc_out/analysis/logs/g6_gate_T4_s2027.log
2026-10-10 22:01:01	eval	gates	MTR_gc_g6_gate_T4_s2028	1	0	17	/root/autodl-tmp/gc_out/analysis/logs/g6_gate_T4_s2028.log
2026-10-10 22:01:21	eval	gates	MTR_gc_g6_gate_T4_s2029	1	0	17	/root/autodl-tmp/gc_out/analysis/logs/g6_gate_T4_s2029.log
2026-10-10 22:01:21	eval	gates	MTR_gc_g6_gate_ent001_T2_s2025	1	0	17	/root/autodl-tmp/gc_out/analysis/logs/g6_gate_ent001_T2_s2025.log
2026-10-10 22:01:41	eval	gates	MTR_gc_g6_gate_ent001_T2_s2027	1	0	17	/root/autodl-tmp/gc_out/analysis/logs/g6_gate_ent001_T2_s2027.log
2026-10-10 22:01:41	eval	gates	MTR_gc_g6_gate_ent001_T2_s2026	1	0	17	/root/autodl-tmp/gc_out/analysis/logs/g6_gate_ent001_T2_s2026.log
2026-10-10 22:02:01	eval	gates	MTR_gc_g6_gate_ent001_T2_s2029	1	0	17	/root/autodl-tmp/gc_out/analysis/logs/g6_gate_ent001_T2_s2029.log
2026-10-10 22:02:01	eval	gates	MTR_gc_g6_gate_ent001_T2_s2028	1	0	17	/root/autodl-tmp/gc_out/analysis/logs/g6_gate_ent001_T2_s2028.log
2026-10-10 22:02:21	eval	gates	MTR_gc_g6_residual_ent001_s2026	1	0	17	/root/autodl-tmp/gc_out/analysis/logs/g6_residual_ent001_s2026.log
2026-10-10 22:02:21	eval	gates	MTR_gc_g6_residual_ent001_s2025	1	0	17	/root/autodl-tmp/gc_out/analysis/logs/g6_residual_ent001_s2025.log
2026-10-10 22:02:41	eval	gates	MTR_gc_g6_residual_ent001_s2028	1	0	17	/root/autodl-tmp/gc_out/analysis/logs/g6_residual_ent001_s2028.log
2026-10-10 22:02:41	eval	gates	MTR_gc_g6_residual_ent001_s2027	1	0	17	/root/autodl-tmp/gc_out/analysis/logs/g6_residual_ent001_s2027.log
2026-10-10 22:03:01	eval	gates	MTR_gc_g6_residual_ent001_s2029	1	0	17	/root/autodl-tmp/gc_out/analysis/logs/g6_residual_ent001_s2029.log
2026-10-10 22:04:15	eval	cvr	MTR_gc_g6_gate_s2025	1	0	72	/root/autodl-tmp/gc_out/eval_valid/logs/MTR_gc_g6_gate_s2025.log
2026-10-10 22:04:15	eval	cvr	MTR_gc_g6_gate_s2026	1	0	72	/root/autodl-tmp/gc_out/eval_valid/logs/MTR_gc_g6_gate_s2026.log
2026-10-10 22:05:28	eval	cvr	MTR_gc_g6_gate_s2028	1	0	70	/root/autodl-tmp/gc_out/eval_valid/logs/MTR_gc_g6_gate_s2028.log
2026-10-10 22:05:29	eval	cvr	MTR_gc_g6_gate_s2027	1	0	71	/root/autodl-tmp/gc_out/eval_valid/logs/MTR_gc_g6_gate_s2027.log
2026-10-10 22:06:45	eval	cvr	MTR_gc_g6_gate_s2029	1	0	72	/root/autodl-tmp/gc_out/eval_valid/logs/MTR_gc_g6_gate_s2029.log
2026-10-10 22:06:46	eval	cvr	MTR_gc_g6_gate_ent0001_s2025	1	0	73	/root/autodl-tmp/gc_out/eval_valid/logs/MTR_gc_g6_gate_ent0001_s2025.log
2026-10-10 22:07:59	eval	cvr	MTR_gc_g6_gate_ent0001_s2026	1	0	71	/root/autodl-tmp/gc_out/eval_valid/logs/MTR_gc_g6_gate_ent0001_s2026.log
2026-10-10 22:08:00	eval	cvr	MTR_gc_g6_gate_ent0001_s2027	1	0	72	/root/autodl-tmp/gc_out/eval_valid/logs/MTR_gc_g6_gate_ent0001_s2027.log
2026-10-10 22:09:15	eval	cvr	MTR_gc_g6_gate_ent0001_s2029	1	0	72	/root/autodl-tmp/gc_out/eval_valid/logs/MTR_gc_g6_gate_ent0001_s2029.log
2026-10-10 22:09:16	eval	cvr	MTR_gc_g6_gate_ent0001_s2028	1	0	73	/root/autodl-tmp/gc_out/eval_valid/logs/MTR_gc_g6_gate_ent0001_s2028.log
2026-10-10 22:10:29	eval	cvr	MTR_gc_g6_gate_ent0003_s2026	1	0	71	/root/autodl-tmp/gc_out/eval_valid/logs/MTR_gc_g6_gate_ent0003_s2026.log
2026-10-10 22:10:31	eval	cvr	MTR_gc_g6_gate_ent0003_s2025	1	0	73	/root/autodl-tmp/gc_out/eval_valid/logs/MTR_gc_g6_gate_ent0003_s2025.log
2026-10-10 22:11:45	eval	cvr	MTR_gc_g6_gate_ent0003_s2027	1	0	72	/root/autodl-tmp/gc_out/eval_valid/logs/MTR_gc_g6_gate_ent0003_s2027.log
2026-10-10 22:11:47	eval	cvr	MTR_gc_g6_gate_ent0003_s2028	1	0	74	/root/autodl-tmp/gc_out/eval_valid/logs/MTR_gc_g6_gate_ent0003_s2028.log
2026-10-10 22:13:00	eval	cvr	MTR_gc_g6_gate_ent0003_s2029	1	0	72	/root/autodl-tmp/gc_out/eval_valid/logs/MTR_gc_g6_gate_ent0003_s2029.log
2026-10-10 22:13:00	eval	cvr	MTR_gc_g6_gate_ent001_s2025	1	0	72	/root/autodl-tmp/gc_out/eval_valid/logs/MTR_gc_g6_gate_ent001_s2025.log
2026-10-10 22:14:15	eval	cvr	MTR_gc_g6_gate_ent001_s2026	1	0	72	/root/autodl-tmp/gc_out/eval_valid/logs/MTR_gc_g6_gate_ent001_s2026.log
2026-10-10 22:14:15	eval	cvr	MTR_gc_g6_gate_ent001_s2027	1	0	72	/root/autodl-tmp/gc_out/eval_valid/logs/MTR_gc_g6_gate_ent001_s2027.log
2026-10-10 22:15:30	eval	cvr	MTR_gc_g6_gate_ent001_s2029	1	0	72	/root/autodl-tmp/gc_out/eval_valid/logs/MTR_gc_g6_gate_ent001_s2029.log
2026-10-10 22:15:30	eval	cvr	MTR_gc_g6_gate_ent001_s2028	1	0	72	/root/autodl-tmp/gc_out/eval_valid/logs/MTR_gc_g6_gate_ent001_s2028.log
2026-10-10 22:16:45	eval	cvr	MTR_gc_g6_gate_T2_s2025	1	0	72	/root/autodl-tmp/gc_out/eval_valid/logs/MTR_gc_g6_gate_T2_s2025.log
2026-10-10 22:16:46	eval	cvr	MTR_gc_g6_gate_T2_s2026	1	0	73	/root/autodl-tmp/gc_out/eval_valid/logs/MTR_gc_g6_gate_T2_s2026.log
2026-10-10 22:18:00	eval	cvr	MTR_gc_g6_gate_T2_s2028	1	0	72	/root/autodl-tmp/gc_out/eval_valid/logs/MTR_gc_g6_gate_T2_s2028.log
2026-10-10 22:18:00	eval	cvr	MTR_gc_g6_gate_T2_s2027	1	0	72	/root/autodl-tmp/gc_out/eval_valid/logs/MTR_gc_g6_gate_T2_s2027.log
2026-10-10 22:19:13	eval	cvr	MTR_gc_g6_gate_T2_s2029	1	0	69	/root/autodl-tmp/gc_out/eval_valid/logs/MTR_gc_g6_gate_T2_s2029.log
2026-10-10 22:19:14	eval	cvr	MTR_gc_g6_gate_T4_s2025	1	0	70	/root/autodl-tmp/gc_out/eval_valid/logs/MTR_gc_g6_gate_T4_s2025.log
2026-10-10 22:20:23	eval	cvr	MTR_gc_g6_gate_T4_s2026	1	0	69	/root/autodl-tmp/gc_out/eval_valid/logs/MTR_gc_g6_gate_T4_s2026.log
2026-10-10 22:20:29	eval	cvr	MTR_gc_g6_gate_T4_s2027	1	0	70	/root/autodl-tmp/gc_out/eval_valid/logs/MTR_gc_g6_gate_T4_s2027.log
2026-10-10 22:21:33	eval	cvr	MTR_gc_g6_gate_T4_s2028	1	0	69	/root/autodl-tmp/gc_out/eval_valid/logs/MTR_gc_g6_gate_T4_s2028.log
2026-10-10 22:21:44	eval	cvr	MTR_gc_g6_gate_T4_s2029	1	0	70	/root/autodl-tmp/gc_out/eval_valid/logs/MTR_gc_g6_gate_T4_s2029.log
2026-10-10 22:22:43	eval	cvr	MTR_gc_g6_gate_ent001_T2_s2025	1	0	69	/root/autodl-tmp/gc_out/eval_valid/logs/MTR_gc_g6_gate_ent001_T2_s2025.log
2026-10-10 22:22:55	eval	cvr	MTR_gc_g6_gate_ent001_T2_s2026	1	0	71	/root/autodl-tmp/gc_out/eval_valid/logs/MTR_gc_g6_gate_ent001_T2_s2026.log
2026-10-10 22:23:54	eval	cvr	MTR_gc_g6_gate_ent001_T2_s2027	1	0	70	/root/autodl-tmp/gc_out/eval_valid/logs/MTR_gc_g6_gate_ent001_T2_s2027.log
2026-10-10 22:24:09	eval	cvr	MTR_gc_g6_gate_ent001_T2_s2028	1	0	70	/root/autodl-tmp/gc_out/eval_valid/logs/MTR_gc_g6_gate_ent001_T2_s2028.log
2026-10-10 22:25:05	eval	cvr	MTR_gc_g6_gate_ent001_T2_s2029	1	0	71	/root/autodl-tmp/gc_out/eval_valid/logs/MTR_gc_g6_gate_ent001_T2_s2029.log
2026-10-10 22:25:19	eval	cvr	MTR_gc_g6_residual_ent001_s2025	1	0	70	/root/autodl-tmp/gc_out/eval_valid/logs/MTR_gc_g6_residual_ent001_s2025.log
2026-10-10 22:26:19	eval	cvr	MTR_gc_g6_residual_ent001_s2026	1	0	70	/root/autodl-tmp/gc_out/eval_valid/logs/MTR_gc_g6_residual_ent001_s2026.log
2026-10-10 22:26:33	eval	cvr	MTR_gc_g6_residual_ent001_s2027	1	0	69	/root/autodl-tmp/gc_out/eval_valid/logs/MTR_gc_g6_residual_ent001_s2027.log
2026-10-10 22:27:36	eval	cvr	MTR_gc_g6_residual_ent001_s2028	1	0	72	/root/autodl-tmp/gc_out/eval_valid/logs/MTR_gc_g6_residual_ent001_s2028.log
2026-10-10 22:27:47	eval	cvr	MTR_gc_g6_residual_ent001_s2029	1	0	73	/root/autodl-tmp/gc_out/eval_valid/logs/MTR_gc_g6_residual_ent001_s2029.log
