expid,variant,loss_weight,seed,exit_code,seconds,best_epoch,valid_click_auc,valid_conv_auc,valid_avg_auc,valid_click_logloss,valid_conv_logloss,valid_eval_click_auc,valid_eval_conv_auc,valid_cvr_clicked_auc,valid_cvr_clicked_auc_ratio,valid_cvr_clicked_logloss,valid_n_click,valid_n_conv_in_clicked,test_click_auc,test_conv_auc,test_avg_auc,test_cvr_clicked_auc,test_cvr_clicked_auc_ratio,test_click_logloss,test_conv_logloss,test_cvr_clicked_logloss,params_total,params_non_embedding,in_frozen_set
MTR_fu_g6_gate_w10_s2025,g6_gate,"W[1,10]",2025,0,855,1,0.618502,0.6423,0.630401,0.162155,0.002271,0.6185015128023522,0.6422997738109518,0.616213454261481,0.665132631218548,0.04168529164279246,836258,4665,0.6184719396635588,0.6371601181111919,0.6278160288873753,0.6107178372447594,0.6615736643495891,0.162294000801458,0.002228051072800037,0.040556878934469055,20535252,133316,1
MTR_fu_g6_gate_w10_s2026,g6_gate,"W[1,10]",2026,0,869,1,0.620317,0.637936,0.6291264999999999,0.161595,0.002121,0.6203168324896187,0.6379358053523025,0.6172959121656033,0.6546996207973981,0.04470762055850519,836258,4665,0.6204721878102747,0.6359786752574803,0.6282254315338776,0.6151003825408103,0.6538610900894646,0.1617173446154356,0.0020727976557510467,0.04342930291460517,20535252,133316,1
MTR_fu_g6_gate_w10_s2027,g6_gate,"W[1,10]",2027,0,864,1,0.620459,0.640789,0.6306240000000001,0.161511,0.002084,0.6204591710165528,0.6407888546495648,0.6217291361697777,0.664083573227576,0.04404144033151327,836258,4665,0.6206218964449886,0.6371025614479502,0.6288622289464694,0.6177723898947239,0.6624251006165844,0.16164059804006015,0.0020372947278640375,0.04280516926090962,20535252,133316,1
MTR_fu_g6_gate_w10_s2028,g6_gate,"W[1,10]",2028,0,880,1,0.618157,0.633053,0.625605,0.163303,0.002257,0.6181569945762585,0.6330527465156199,0.607284196109367,0.6407893628977586,0.04264575683939459,836258,4665,0.6180829460604785,0.6297228519446642,0.6239028990025713,0.6035770537571983,0.6383226490982464,0.1634355296815013,0.0022129343388839554,0.04146258071204759,20535252,133316,1
MTR_fu_g6_gate_w10_s2029,g6_gate,"W[1,10]",2029,0,872,1,0.620025,0.653874,0.6369495000000001,0.161254,0.002039,0.6200254291685515,0.6538741399200773,0.6417841568241083,0.6797268734352797,0.045458408324043395,836258,4665,0.6200995212879438,0.652133785315865,0.6361166533019044,0.640283997413356,0.6793509962566344,0.1613837188220478,0.001989049311695063,0.04412991668748778,20535252,133316,1
MTR_fu_g6_mean_w10_s2025,g6_mean,"W[1,10]",2025,0,883,1,0.621174,0.637988,0.629581,0.162427,0.002169,0.621174115924809,0.6379880800187406,0.5984820158225512,0.6529255301917218,0.04285077044322314,836258,4665,0.6213141276596363,0.632789007796155,0.6270515677278956,0.5932586551023843,0.6480241663209498,0.16254131430205146,0.0021247321415569925,0.041676827210536435,20535154,133218,1
MTR_fu_g6_mean_w10_s2026,g6_mean,"W[1,10]",2026,0,881,1,0.617246,0.631558,0.6244019999999999,0.162466,0.002224,0.6172457384996031,0.631558319293744,0.594998904006948,0.6486947584422124,0.04246226770067995,836258,4665,0.6172324584529761,0.6288045295546196,0.6230184940037979,0.5920523854790714,0.6470381162237807,0.162598654428154,0.0021791477779480274,0.04126719878255801,20535154,133218,1
MTR_fu_g6_mean_w10_s2027,g6_mean,"W[1,10]",2027,0,875,1,0.619121,0.636744,0.6279325,0.161707,0.002059,0.6191207856989404,0.6367442102887838,0.5924835753676081,0.6526132840132014,0.04545674352904657,836258,4665,0.6194207781873279,0.6312126710983923,0.6253167246428601,0.5866025768184064,0.6492329858221936,0.16183024972306942,0.0020126090232608384,0.04421494729474689,20535154,133218,1
MTR_fu_g6_mean_w10_s2028,g6_mean,"W[1,10]",2028,0,878,1,0.61695,0.639946,0.628448,0.162579,0.00207,0.6169497850083174,0.6399457412313636,0.6121771530816081,0.662826332042384,0.04520686988647405,836258,4665,0.6170396498616801,0.6343456997238401,0.6256926747927601,0.6063361224220519,0.6597553269907334,0.16269871432663394,0.0020240322827861906,0.043968984262302876,20535154,133218,1
MTR_fu_g6_mean_w10_s2029,g6_mean,"W[1,10]",2029,0,849,1,0.617399,0.638071,0.627735,0.161465,0.002138,0.617399461834665,0.6380711762245412,0.6109864841091048,0.6567807552056989,0.04299054404674094,836258,4665,0.6173957577604979,0.6387073863594003,0.6280515720599491,0.6116800750929242,0.657962252458663,0.16159765169968407,0.002089278024224846,0.04170565813112104,20535154,133218,1
MTR_fu_g6_residual_w10_s2025,g6_residual,"W[1,10]",2025,0,886,1,0.61871,0.641775,0.6302425,0.16149,0.002055,0.6187099018751774,0.6417748303502738,0.6121563032365409,0.6737373083645635,0.04451808468152572,836258,4665,0.6187640218674402,0.6383545927840735,0.6285593073257568,0.6087417657573807,0.6707628581259876,0.161628612853221,0.0020072007333130294,0.04324069834356795,20535254,133318,1
MTR_fu_g6_residual_w10_s2026,g6_residual,"W[1,10]",2026,0,883,1,0.618993,0.641779,0.630386,0.161609,0.002113,0.6189930707457223,0.6417792626262123,0.6148758219076295,0.6669082138146952,0.042848007490937604,836258,4665,0.6189683545692686,0.6384384839298042,0.6287034192495364,0.6113922021461355,0.6651721418004561,0.1617454990912768,0.002067706911881748,0.04164787037565207,20535254,133318,1
MTR_fu_g6_residual_w10_s2027,g6_residual,"W[1,10]",2027,0,901,1,0.619786,0.637129,0.6284574999999999,0.161781,0.002103,0.6197857797357301,0.6371293987398935,0.6142820921875625,0.6533244736990402,0.04442958597655891,836258,4665,0.6198167684299272,0.6350931972489632,0.6274549828394451,0.6123345169851842,0.6521586072748081,0.16192143662928407,0.002054605678687216,0.04315084468330851,20535254,133318,1
MTR_fu_g6_residual_w10_s2028,g6_residual,"W[1,10]",2028,0,899,1,0.616971,0.643136,0.6300535,0.161863,0.002084,0.616970906343564,0.6431358079577487,0.6172528604557694,0.6700983845917835,0.04335224145152742,836258,4665,0.6170248725447335,0.6369546816665955,0.6269897771056645,0.6108825741260027,0.6656244614599087,0.16199547364945954,0.0020394166683641397,0.04216627701475795,20535254,133318,1
MTR_fu_g6_residual_w10_s2029,g6_residual,"W[1,10]",2029,0,763,1,0.61982,0.643552,0.631686,0.161998,0.002059,0.6198201813398951,0.6435515516756214,0.6236019033338935,0.6610465828024957,0.04557781113117537,836258,4665,0.619804774625181,0.6414234735072515,0.6306141240662162,0.6217034792766227,0.6613590122425079,0.16213231683745663,0.002009753355899127,0.044265046156638586,20535254,133318,1
MTR_rg_g3_mean_s2025,g3_mean,EQ,2025,0,790,1,0.618574,0.638272,0.628423,0.161817,0.002048,0.6185735436976187,0.6382715758229843,0.6011050380508545,0.6692255866637417,0.04577714717938479,836258,4665,0.6187153655858059,0.6301849978378987,0.6244501817118523,0.592551070869594,0.6631477078669278,0.16194102668101631,0.0020022329292648457,0.044554072115699186,20478850,76914,1
MTR_rg_g3_mean_s2026,g3_mean,EQ,2026,0,784,1,0.617241,0.632299,0.62477,0.162625,0.002146,0.617241223112442,0.6322985343868159,0.6024365528055607,0.6514113008655507,0.04395658171118373,836258,4665,0.6173714877984265,0.6259762777023872,0.6216738827504069,0.5955705127450059,0.6459633060900696,0.16274573883668836,0.0021018830363282994,0.04279233466633651,20478850,76914,1
MTR_rg_g3_mean_s2027,g3_mean,EQ,2027,0,771,1,0.616846,0.635581,0.6262135,0.162016,0.002101,0.6168461530393784,0.6355805139017368,0.6099781493639163,0.6662263233881689,0.04490383557733715,836258,4665,0.6170010309877756,0.6275823178888194,0.6222916744382975,0.6015886504365955,0.6587375884698349,0.16213747219886407,0.0020568624115753316,0.04371915368687142,20478850,76914,1
MTR_rg_g3_mean_s2028,g3_mean,EQ,2028,0,769,1,0.617247,0.637568,0.6274075,0.162303,0.002136,0.6172466144877604,0.6375676368152771,0.6212288892676521,0.6716542520003276,0.04281916236093288,836258,4665,0.6172740176204056,0.6324762422882586,0.624875129954332,0.6159822521762093,0.6651733303118684,0.16243076850140103,0.002091384235779132,0.041639275916108144,20478850,76914,1
MTR_rg_g3_mean_s2029,g3_mean,EQ,2029,0,775,1,0.619569,0.637034,0.6283015000000001,0.161445,0.002043,0.6195691056027582,0.6370342497439044,0.6031146426260912,0.6624411025774009,0.04606347301362238,836258,4665,0.6196291117435642,0.6308603846622712,0.6252447482029178,0.5967299155695331,0.6584673207625836,0.16157812411530514,0.001996503645400465,0.04481256860053261,20478850,76914,1
MTR_rg_g6_gate_s2025,g6_gate,EQ,2025,0,875,1,0.618388,0.637345,0.6278665000000001,0.161585,0.002238,0.6183879469357753,0.6373447595069679,0.6173304956437584,0.665388703234072,0.041052072223012985,836258,4665,0.6183631972125199,0.6312143348597081,0.624788766036114,0.6110204540428021,0.6606554837419473,0.1617270273452171,0.002194971948696367,0.039916221629519626,20535252,133316,1
MTR_rg_g6_gate_s2026,g6_gate,EQ,2026,0,873,1,0.620512,0.646688,0.6335999999999999,0.161324,0.00209,0.620512074887398,0.6466877121367824,0.633718747492714,0.674614637685226,0.043136471279772166,836258,4665,0.620745463918916,0.6409587807592112,0.6308521223390636,0.6278691676244814,0.6710024119729605,0.1614477933127377,0.002045145275232949,0.04194537401259033,20535252,133316,1
MTR_rg_g6_gate_s2027,g6_gate,EQ,2027,0,871,1,0.619011,0.648629,0.63382,0.161424,0.002022,0.6190109934806101,0.6486287774917064,0.6259465178976882,0.6810810878145315,0.04761030937016449,836258,4665,0.6193031580764548,0.6443372237745808,0.6318201909255178,0.6213475521875746,0.6757419876349371,0.161543526595911,0.001970923127459162,0.04625438271262146,20535252,133316,1
MTR_rg_g6_gate_s2028,g6_gate,EQ,2028,0,889,1,0.619658,0.638883,0.6292705000000001,0.162059,0.002053,0.6196575254851044,0.6388833872177573,0.622542894400602,0.668532445474241,0.045148886195477196,836258,4665,0.6196963191539717,0.6318594481533486,0.6257778836536602,0.615196701011518,0.6635776541900885,0.1621918278601888,0.002008042242476112,0.0439416007114804,20535252,133316,1
MTR_rg_g6_gate_s2029,g6_gate,EQ,2029,0,887,1,0.616751,0.635413,0.626082,0.162326,0.002101,0.6167511057687047,0.6354125450119806,0.6154607493221319,0.6654046689240858,0.04393146456596488,836258,4665,0.6167676516700328,0.6301644623058802,0.6234660569879564,0.6101670972813453,0.6605435258608617,0.16246264888837272,0.00205670855213933,0.042758632929067765,20535252,133316,1
MTR_rg_g6_mean_s2025,g6_mean,EQ,2025,0,799,1,0.621222,0.644501,0.6328615,0.161547,0.002053,0.6212223190535637,0.6445011256660437,0.618270412521149,0.675341496364287,0.04467487205364382,836258,4665,0.6212139244042367,0.6423735919594697,0.6317937581818532,0.6163134277131227,0.6728130665586247,0.1616844289902026,0.0020045673362793716,0.04338834459448188,20535154,133218,1
MTR_rg_g6_mean_s2026,g6_mean,EQ,2026,0,853,1,0.621019,0.635614,0.6283165,0.161355,0.002052,0.6210186761591653,0.6356138876945193,0.5926688827493962,0.6667262043814359,0.04445793876249234,836258,4665,0.620996773410062,0.6302023338087888,0.6255995536094254,0.5871633783010854,0.6634552581936057,0.1614900166506694,0.0020052969941665617,0.04321148271708426,20535154,133218,1
MTR_rg_g6_mean_s2027,g6_mean,EQ,2027,0,842,1,0.619425,0.637633,0.628529,0.161698,0.002084,0.619425094638369,0.6376332258344166,0.5996359502007143,0.6631852387535776,0.0438939725147292,836258,4665,0.61964718535986,0.6329198612960418,0.6262835233279509,0.5942047157540014,0.6603627469918195,0.16181788499529054,0.0020389646495474643,0.042680845629717794,20535154,133218,1
MTR_rg_g6_mean_s2028,g6_mean,EQ,2028,0,858,1,0.617902,0.630093,0.6239975,0.161649,0.002044,0.6179022044450334,0.6300926846471182,0.5957195553818389,0.6555844288878488,0.0473459423838679,836258,4665,0.6179118137402275,0.628035848405571,0.6229738310728993,0.5932934993248191,0.6536400320039638,0.16178859619587732,0.001992407211118214,0.04597320956131352,20535154,133218,1
MTR_rg_g6_mean_s2029,g6_mean,EQ,2029,0,850,1,0.618435,0.63161,0.6250225,0.16161,0.002208,0.6184346009292955,0.6316099862364122,0.6153998506944927,0.6548185629582647,0.04330691490049854,836258,4665,0.618581463683773,0.6280366312702493,0.6233090474770111,0.6118128215842326,0.6513247293219607,0.16174092769846388,0.0021610891741365456,0.04207450327613585,20535154,133218,1
MTR_rg_g6_random_s2025,g6_random,EQ,2025,0,848,1,0.621425,0.638637,0.630031,0.161331,0.002075,0.6214252391373382,0.6386374653472755,0.609478686607439,0.6673953574677511,0.04454533440080625,836258,4665,0.6214459184940285,0.6356069592657969,0.6285264388799128,0.606552735983892,0.6669869528621235,0.1614729483223552,0.002026700994682593,0.043263548631628686,20535154,133218,1
MTR_rg_g6_random_s2026,g6_random,EQ,2026,0,851,1,0.620938,0.635815,0.6283765,0.161669,0.002057,0.6209384311129441,0.6358147118477803,0.6053341305377649,0.6628548657157086,0.04522779486066783,836258,4665,0.6209152091493944,0.6306066897874943,0.6257609494684444,0.6002796378060915,0.6598316433154398,0.1618032149257039,0.0020095903012791643,0.04396262210731496,20535154,133218,1
MTR_rg_g6_random_s2027,g6_random,EQ,2027,0,856,1,0.617712,0.639078,0.628395,0.16178,0.002126,0.6177121754230707,0.6390776810482258,0.6293739369414841,0.6654050411483845,0.04292234679765334,836258,4665,0.6177581752375599,0.6329633952930807,0.6253607852653202,0.6236337453538927,0.6624129745127506,0.16191259267751373,0.0020807908578942573,0.04172651419775712,20535154,133218,1
MTR_rg_g6_random_s2028,g6_random,EQ,2028,0,857,1,0.620447,0.648143,0.634295,0.16173,0.002018,0.6204470541089158,0.6481434901963818,0.6214816527659515,0.6762785790268835,0.046551060090674376,836258,4665,0.6204659982500356,0.642060017912469,0.6312630080812522,0.6148700296491841,0.6733362454116414,0.16186262379152722,0.0019692716072321485,0.045246015114379284,20535154,133218,1
MTR_rg_g6_random_s2029,g6_random,EQ,2029,0,851,1,0.616285,0.636115,0.6262,0.162018,0.002084,0.616284543368571,0.6361154468165874,0.6051937997861357,0.6687343779295304,0.04475426465263261,836258,4665,0.6162902144778197,0.6305771003298218,0.6234336574038208,0.5994655069584295,0.66232194190877,0.16215689708379394,0.0020366987863465586,0.0435006973502978,20535154,133218,1
MTR_rg_g6_residual_s2025,g6_residual,EQ,2025,0,913,1,0.619997,0.640942,0.6304695,0.162206,0.002115,0.6199974355961159,0.6409416577093291,0.6286670594122785,0.6715070659030558,0.04316799172988124,836258,4665,0.6202758787552063,0.633891375927894,0.6270836273415501,0.6214117145713517,0.6671932761102867,0.1623218733110791,0.0020715469307124768,0.041998803732235045,20535254,133318,1
MTR_rg_g6_residual_s2026,g6_residual,EQ,2026,0,918,1,0.621906,0.639514,0.63071,0.161988,0.002108,0.6219059825437745,0.639514462220423,0.6027248795774163,0.6677691693905901,0.04306486190340842,836258,4665,0.621983321669199,0.6366637672304409,0.62932354444982,0.5999301405558305,0.6664358650675756,0.16212131852733094,0.00206129377767124,0.04182061124522239,20535254,133318,1
MTR_rg_g6_residual_s2027,g6_residual,EQ,2027,0,892,1,0.61844,0.637316,0.6278779999999999,0.162358,0.00206,0.6184399017916885,0.6373159518042919,0.6098965391864563,0.666483733245874,0.04560558675445395,836258,4665,0.6183915455019833,0.6321765342739576,0.6252840398879704,0.6044323575246361,0.6631509663977706,0.16249852003723303,0.002013434019001229,0.04435386959165411,20535254,133318,1
MTR_rg_g6_residual_s2028,g6_residual,EQ,2028,0,891,1,0.619653,0.63193,0.6257915000000001,0.161529,0.002145,0.6196528326933626,0.6319295692500164,0.5944311584557562,0.6634428800914904,0.04240360434179263,836258,4665,0.6197877370721663,0.6313068635762874,0.6255473003242269,0.5935960115349181,0.6623512896304564,0.16166438507426545,0.002097835056469503,0.04115467292210632,20535254,133318,1
MTR_rg_g6_residual_s2029,g6_residual,EQ,2029,0,882,1,0.620463,0.641727,0.631095,0.162249,0.002056,0.6204634123780058,0.6417268222110373,0.6126185027061319,0.6701923201881046,0.045256535681271505,836258,4665,0.6203763484061837,0.6369065137949711,0.6286414311005775,0.6074435394710804,0.6660479124608295,0.16239092681056466,0.002008351547809427,0.04399729472521681,20535254,133318,1
MTR_rg_g6_sequential_s2025,g6_sequential,EQ,2025,0,846,1,0.620568,0.626678,0.623623,0.161867,0.00207,0.620568290351007,0.626677581338124,0.5844866210233323,0.649208600424406,0.045035507233885594,836258,4665,0.6206298249098482,0.6221220071170123,0.6213759160134302,0.5795704845950747,0.644656801979526,0.1619950057828883,0.0020224252579175424,0.043764891079107915,20535154,133218,1
MTR_rg_g6_sequential_s2026,g6_sequential,EQ,2026,0,835,1,0.62126,0.637522,0.629391,0.161537,0.002082,0.6212604494762167,0.6375220089403488,0.6234367112728383,0.6657290103301252,0.04405407043114353,836258,4665,0.6214213440629661,0.6319464043800078,0.626683874221487,0.6179211822180017,0.6600827514127743,0.16166388999869807,0.0020366957810765683,0.04285304160309504,20535154,133218,1
MTR_rg_g6_sequential_s2027,g6_sequential,EQ,2027,0,843,1,0.615914,0.639335,0.6276245,0.161906,0.002169,0.6159136132598015,0.63933518548271,0.62605430699157,0.6716819561599454,0.04215014278724562,836258,4665,0.6158698132788234,0.6351932887316241,0.6255315510052237,0.6216491245643128,0.6688693224331964,0.1620351716553257,0.0021251503518014076,0.040977077881569214,20535154,133218,1
MTR_rg_g6_sequential_s2028,g6_sequential,EQ,2028,0,844,1,0.620686,0.631692,0.626189,0.162103,0.002128,0.6206856551469841,0.6316921559309971,0.5896212045377045,0.6552598328020263,0.04307910163465236,836258,4665,0.6206684624159812,0.6240459801000998,0.6223572212580405,0.5811031016099552,0.648600583751312,0.16223936609876669,0.0020852452109616127,0.041935361325811285,20535154,133218,1
MTR_rg_g6_sequential_s2029,g6_sequential,EQ,2029,0,828,1,0.621134,0.632369,0.6267514999999999,0.161372,0.002048,0.6211336502474835,0.6323694138978913,0.5895232204865902,0.6601622116373815,0.045529250099917026,836258,4665,0.6213199388853096,0.6265266695592577,0.6239233042222836,0.5829561015873382,0.654782383679708,0.16149901294019844,0.002001212329425132,0.04426867488807699,20535154,133218,1
PLE_fu_drop01_s2025,PLE_drop01,EQ,2025,0,779,1,0.619973,0.636011,0.627992,0.161586,0.00205,0.6199730229870514,0.6360106353231796,0.6013205070717275,0.6608349129698669,0.046085098321817175,836258,4665,,,,,,,,,20738012,336076,0
PLE_fu_drop01_s2026,PLE_drop01,EQ,2026,0,774,1,0.619536,0.634457,0.6269965,0.161605,0.002164,0.6195364883121336,0.6344567970630363,0.6177790890779262,0.6617239088414495,0.042947929724018744,836258,4665,,,,,,,,,20738012,336076,0
PLE_fu_drop01_s2027,PLE_drop01,EQ,2027,0,668,1,0.619149,0.637446,0.6282975,0.162375,0.002158,0.6191488040097277,0.6374464514410755,0.6275853263660007,0.6625617849641952,0.043841365815194606,836258,4665,,,,,,,,,20738012,336076,0
PLE_fu_lr5e4_s2025,PLE_lr5e4,EQ,2025,0,779,1,0.619187,0.63519,0.6271885,0.161759,0.002098,0.6191865632270386,0.6351895481845471,0.6210465330007406,0.672131606721432,0.0433512650044568,836258,4665,0.6193853051429191,0.6304093745559743,0.6248973398494467,0.616112076037625,0.668947227328142,0.16187366270968584,0.002052682460967586,0.042134010034481584,20738012,336076,1
PLE_fu_lr5e4_s2026,PLE_lr5e4,EQ,2026,0,769,1,0.619101,0.642392,0.6307465,0.161755,0.002023,0.6191011174141814,0.6423918907574313,0.6179885168004797,0.6806480257227714,0.045695242270153424,836258,4665,0.6192156665475197,0.6377693304885417,0.6284924985180307,0.6129864674574136,0.6793533708934223,0.16187503192384567,0.001973822685387768,0.04437127661579558,20738012,336076,1
PLE_fu_lr5e4_s2027,PLE_lr5e4,EQ,2027,0,769,1,0.619656,0.64224,0.6309480000000001,0.16175,0.002069,0.6196560564123841,0.6422402449183244,0.6234075543042545,0.6777288548568818,0.04381498319672218,836258,4665,0.6197304499758494,0.6352124479665862,0.6274714489712178,0.6159475479345966,0.6713226035222934,0.1618729819516677,0.0020238921602492846,0.04261392864156799,20738012,336076,1
PLE_fu_lr5e4_s2028,PLE_lr5e4,EQ,2028,0,774,1,0.620885,0.634979,0.6279319999999999,0.161581,0.00215,0.620885182446435,0.6349790482007986,0.6172443523981528,0.6667347523938768,0.042251870641562675,836258,4665,0.6210989630551405,0.6314036707855593,0.6262513169203499,0.6132274400683444,0.665404517653566,0.16169763535812387,0.00210529278095706,0.041062870396636995,20738012,336076,1
PLE_fu_lr5e4_s2029,PLE_lr5e4,EQ,2029,0,776,1,0.618487,0.643793,0.63114,0.162676,0.002061,0.6184866779539295,0.6437929743007765,0.6183564316490262,0.6804338822998593,0.043624440046455965,836258,4665,0.6185874920402837,0.640326342753093,0.6294569173966884,0.6147287879391738,0.6790347416679245,0.16279602796809198,0.002014443132343668,0.0423797841697648,20738012,336076,1
PLE_fu_wide_s2025,PLE_wide,EQ,2025,0,808,1,0.621314,0.62763,0.624472,0.161891,0.002108,0.6213135211977346,0.6276301398525189,0.5869906000437294,0.6452822442234022,0.0438698424725709,836258,4665,,,,,,,,,21115996,714060,0
PLE_fu_wide_s2026,PLE_wide,EQ,2026,0,805,1,0.619484,0.631836,0.62566,0.161695,0.00207,0.6194838535225771,0.6318357598660822,0.5985043574003164,0.6505491084945143,0.045931173154411815,836258,4665,,,,,,,,,21115996,714060,0
PLE_fu_wide_s2027,PLE_wide,EQ,2027,0,779,1,0.618127,0.641813,0.6299699999999999,0.163298,0.002228,0.61812688283334,0.6418132446162754,0.623672587671321,0.6678753907087214,0.04188038543153592,836258,4665,,,,,,,,,21115996,714060,0
PLE_rg_s2025,PLE_base,EQ,2025,0,767,1,0.61957,0.635555,0.6275625,0.161651,0.002142,0.6195698631206898,0.635554986921519,0.6084188803820729,0.6628446746577836,0.042742897656187696,836258,4665,0.6196648331331273,0.6299495365534163,0.6248071848432718,0.6025813532018719,0.6593771123301585,0.16177864540620698,0.0020980423459995208,0.041571424265131406,20738012,336076,1
PLE_rg_s2026,PLE_base,EQ,2026,0,916,2,0.613553,0.621054,0.6173035,0.164869,0.002241,0.6135531865587384,0.6210537679748336,0.5856684835659021,0.6199717245121721,0.053193801646089056,836258,4665,0.6137012003639066,0.6254148819466987,0.6195580411553027,0.5899173352798939,0.626974254321564,0.16500060602518163,0.002174562080895447,0.051429482579851284,20738012,336076,1
PLE_rg_s2027,PLE_base,EQ,2027,0,731,1,0.618075,0.636882,0.6274785,0.162043,0.002174,0.6180751197511642,0.6368817190326315,0.6162257689827603,0.6614221519642844,0.04296137204312884,836258,4665,0.6181920679717285,0.630029517743796,0.6241107928577623,0.6091106498212792,0.6568462940608891,0.16216126466357186,0.0021317204379494212,0.04183629584791067,20738012,336076,1
PLE_rg_s2028,PLE_base,EQ,2028,0,724,1,0.620288,0.634414,0.627351,0.161694,0.002194,0.620287999073382,0.6344135530909737,0.61697966135371,0.6586641217402668,0.04252475646821724,836258,4665,0.6203585379884722,0.6288441313660117,0.6246013346772419,0.6111057156192513,0.6569276215929825,0.1618207934406879,0.002151447213797992,0.041395438733545765,20738012,336076,1
PLE_rg_s2029,PLE_base,EQ,2029,0,669,1,0.619648,0.628913,0.6242805,0.161814,0.002106,0.6196477390234572,0.6289130772037411,0.5876333178583143,0.6442641994248183,0.04483963294414977,836258,4665,0.6198990017249932,0.6222060155325569,0.621052508628775,0.5803733852956992,0.6389810263604382,0.16192616075256455,0.0020622323169865284,0.04366296665804862,20738012,336076,1
