model,seed,expid,status,exit_code,seconds,best_epoch,valid_click_auc,valid_click_logloss,valid_conv_auc,valid_conv_logloss,valid_mean_auc,valid_mean_logloss,test_click_auc,test_click_logloss,test_conv_auc,test_conv_logloss,test_mean_auc,test_mean_logloss,log_path
g3_mean,2025,MTR_rg_g3_mean_s2025,ok,0,790,1,0.618574,0.161817,0.638272,0.002048,0.628423,0.08193249999999999,,,,,,,/root/autodl-tmp/rg_out/logs/MTR_rg_g3_mean_s2025.log
g3_mean,2026,MTR_rg_g3_mean_s2026,ok,0,784,1,0.617241,0.162625,0.632299,0.002146,0.62477,0.0823855,,,,,,,/root/autodl-tmp/rg_out/logs/MTR_rg_g3_mean_s2026.log
g3_mean,2027,MTR_rg_g3_mean_s2027,ok,0,771,1,0.616846,0.162016,0.635581,0.002101,0.6262135,0.08205849999999999,,,,,,,/root/autodl-tmp/rg_out/logs/MTR_rg_g3_mean_s2027.log
g3_mean,2028,MTR_rg_g3_mean_s2028,ok,0,769,1,0.617247,0.162303,0.637568,0.002136,0.6274075,0.0822195,,,,,,,/root/autodl-tmp/rg_out/logs/MTR_rg_g3_mean_s2028.log
g3_mean,2029,MTR_rg_g3_mean_s2029,ok,0,775,1,0.619569,0.161445,0.637034,0.002043,0.6283015000000001,0.081744,,,,,,,/root/autodl-tmp/rg_out/logs/MTR_rg_g3_mean_s2029.log
g6_gate,2025,MTR_rg_g6_gate_s2025,ok,0,875,1,0.618388,0.161585,0.637345,0.002238,0.6278665000000001,0.0819115,,,,,,,/root/autodl-tmp/rg_out/logs/MTR_rg_g6_gate_s2025.log
g6_gate,2026,MTR_rg_g6_gate_s2026,ok,0,873,1,0.620512,0.161324,0.646688,0.00209,0.6335999999999999,0.081707,,,,,,,/root/autodl-tmp/rg_out/logs/MTR_rg_g6_gate_s2026.log
g6_gate,2027,MTR_rg_g6_gate_s2027,ok,0,871,1,0.619011,0.161424,0.648629,0.002022,0.63382,0.081723,,,,,,,/root/autodl-tmp/rg_out/logs/MTR_rg_g6_gate_s2027.log
g6_gate,2028,MTR_rg_g6_gate_s2028,ok,0,889,1,0.619658,0.162059,0.638883,0.002053,0.6292705000000001,0.082056,,,,,,,/root/autodl-tmp/rg_out/logs/MTR_rg_g6_gate_s2028.log
g6_gate,2029,MTR_rg_g6_gate_s2029,ok,0,887,1,0.616751,0.162326,0.635413,0.002101,0.626082,0.0822135,,,,,,,/root/autodl-tmp/rg_out/logs/MTR_rg_g6_gate_s2029.log
g6_mean,2025,MTR_rg_g6_mean_s2025,ok,0,799,1,0.621222,0.161547,0.644501,0.002053,0.6328615,0.0818,,,,,,,/root/autodl-tmp/rg_out/logs/MTR_rg_g6_mean_s2025.log
g6_mean,2026,MTR_rg_g6_mean_s2026,ok,0,853,1,0.621019,0.161355,0.635614,0.002052,0.6283165,0.0817035,,,,,,,/root/autodl-tmp/rg_out/logs/MTR_rg_g6_mean_s2026.log
g6_mean,2027,MTR_rg_g6_mean_s2027,ok,0,842,1,0.619425,0.161698,0.637633,0.002084,0.628529,0.081891,,,,,,,/root/autodl-tmp/rg_out/logs/MTR_rg_g6_mean_s2027.log
g6_mean,2028,MTR_rg_g6_mean_s2028,ok,0,858,1,0.617902,0.161649,0.630093,0.002044,0.6239975,0.08184649999999999,,,,,,,/root/autodl-tmp/rg_out/logs/MTR_rg_g6_mean_s2028.log
g6_mean,2029,MTR_rg_g6_mean_s2029,ok,0,850,1,0.618435,0.16161,0.63161,0.002208,0.6250225,0.081909,,,,,,,/root/autodl-tmp/rg_out/logs/MTR_rg_g6_mean_s2029.log
g6_random,2025,MTR_rg_g6_random_s2025,ok,0,848,1,0.621425,0.161331,0.638637,0.002075,0.630031,0.081703,,,,,,,/root/autodl-tmp/rg_out/logs/MTR_rg_g6_random_s2025.log
g6_random,2026,MTR_rg_g6_random_s2026,ok,0,851,1,0.620938,0.161669,0.635815,0.002057,0.6283765,0.081863,,,,,,,/root/autodl-tmp/rg_out/logs/MTR_rg_g6_random_s2026.log
g6_random,2027,MTR_rg_g6_random_s2027,ok,0,856,1,0.617712,0.16178,0.639078,0.002126,0.628395,0.081953,,,,,,,/root/autodl-tmp/rg_out/logs/MTR_rg_g6_random_s2027.log
g6_random,2028,MTR_rg_g6_random_s2028,ok,0,857,1,0.620447,0.16173,0.648143,0.002018,0.634295,0.081874,,,,,,,/root/autodl-tmp/rg_out/logs/MTR_rg_g6_random_s2028.log
g6_random,2029,MTR_rg_g6_random_s2029,ok,0,851,1,0.616285,0.162018,0.636115,0.002084,0.6262,0.082051,,,,,,,/root/autodl-tmp/rg_out/logs/MTR_rg_g6_random_s2029.log
g6_residual,2025,MTR_rg_g6_residual_s2025,ok,0,913,1,0.619997,0.162206,0.640942,0.002115,0.6304695,0.0821605,,,,,,,/root/autodl-tmp/rg_out/logs/MTR_rg_g6_residual_s2025.log
g6_residual,2026,MTR_rg_g6_residual_s2026,ok,0,918,1,0.621906,0.161988,0.639514,0.002108,0.63071,0.082048,,,,,,,/root/autodl-tmp/rg_out/logs/MTR_rg_g6_residual_s2026.log
g6_residual,2027,MTR_rg_g6_residual_s2027,ok,0,892,1,0.61844,0.162358,0.637316,0.00206,0.6278779999999999,0.082209,,,,,,,/root/autodl-tmp/rg_out/logs/MTR_rg_g6_residual_s2027.log
g6_residual,2028,MTR_rg_g6_residual_s2028,ok,0,891,1,0.619653,0.161529,0.63193,0.002145,0.6257915000000001,0.08183700000000001,,,,,,,/root/autodl-tmp/rg_out/logs/MTR_rg_g6_residual_s2028.log
g6_residual,2029,MTR_rg_g6_residual_s2029,ok,0,882,1,0.620463,0.162249,0.641727,0.002056,0.631095,0.0821525,,,,,,,/root/autodl-tmp/rg_out/logs/MTR_rg_g6_residual_s2029.log
g6_sequential,2025,MTR_rg_g6_sequential_s2025,ok,0,846,1,0.620568,0.161867,0.626678,0.00207,0.623623,0.0819685,,,,,,,/root/autodl-tmp/rg_out/logs/MTR_rg_g6_sequential_s2025.log
g6_sequential,2026,MTR_rg_g6_sequential_s2026,ok,0,835,1,0.62126,0.161537,0.637522,0.002082,0.629391,0.0818095,,,,,,,/root/autodl-tmp/rg_out/logs/MTR_rg_g6_sequential_s2026.log
g6_sequential,2027,MTR_rg_g6_sequential_s2027,ok,0,843,1,0.615914,0.161906,0.639335,0.002169,0.6276245,0.0820375,,,,,,,/root/autodl-tmp/rg_out/logs/MTR_rg_g6_sequential_s2027.log
g6_sequential,2028,MTR_rg_g6_sequential_s2028,ok,0,844,1,0.620686,0.162103,0.631692,0.002128,0.626189,0.0821155,,,,,,,/root/autodl-tmp/rg_out/logs/MTR_rg_g6_sequential_s2028.log
g6_sequential,2029,MTR_rg_g6_sequential_s2029,ok,0,828,1,0.621134,0.161372,0.632369,0.002048,0.6267514999999999,0.08170999999999999,,,,,,,/root/autodl-tmp/rg_out/logs/MTR_rg_g6_sequential_s2029.log
PLE,2025,PLE_rg_s2025,ok,0,767,1,0.61957,0.161651,0.635555,0.002142,0.6275625,0.0818965,,,,,,,/root/autodl-tmp/rg_out/logs/PLE_rg_s2025.log
PLE,2026,PLE_rg_s2026,ok,0,916,2,0.613553,0.164869,0.621054,0.002241,0.6173035,0.08355499999999999,,,,,,,/root/autodl-tmp/rg_out/logs/PLE_rg_s2026.log
PLE,2027,PLE_rg_s2027,ok,0,731,1,0.618075,0.162043,0.636882,0.002174,0.6274785,0.0821085,,,,,,,/root/autodl-tmp/rg_out/logs/PLE_rg_s2027.log
PLE,2028,PLE_rg_s2028,ok,0,724,1,0.620288,0.161694,0.634414,0.002194,0.627351,0.081944,,,,,,,/root/autodl-tmp/rg_out/logs/PLE_rg_s2028.log
PLE,2029,PLE_rg_s2029,ok,0,669,1,0.619648,0.161814,0.628913,0.002106,0.6242805,0.08196,,,,,,,/root/autodl-tmp/rg_out/logs/PLE_rg_s2029.log
