template,seed,expid,exit,secs,best_ep,click,conv,avg,cvr_clicked,loss_w,collapsed
MTR_nf_g6_gate_normfloor,2025,MTR_nf_g6_gate_normfloor_s2025,0,864,1,0.620944,0.649974,0.635459,0.621651962653339,NORM_FLOOR,False
MTR_nf_g6_gate_normfloor,2026,MTR_nf_g6_gate_normfloor_s2026,0,844,1,0.620133,0.642401,0.631267,0.6129287957381772,NORM_FLOOR,False
MTR_nf_g6_gate_normfloor,2027,MTR_nf_g6_gate_normfloor_s2027,0,879,1,0.617583,0.641959,0.629771,0.6068825560380685,NORM_FLOOR,False
MTR_nf_g6_gate_normfloor,2028,MTR_nf_g6_gate_normfloor_s2028,0,874,1,0.621066,0.647741,0.6344035,0.6218530579906163,NORM_FLOOR,False
MTR_nf_g6_gate_normfloor,2029,MTR_nf_g6_gate_normfloor_s2029,0,859,1,0.62112,0.635334,0.628227,0.6095541715814484,NORM_FLOOR,False
MTR_nf_g6_mean_norm,2025,MTR_nf_g6_mean_norm_s2025,0,844,1,0.620011,0.566145,0.593078,0.5419140814061939,NORM,False
MTR_nf_g6_mean_norm,2026,MTR_nf_g6_mean_norm_s2026,0,837,1,0.619654,0.57008,0.594867,0.47581198877987596,NORM,False
MTR_nf_g6_mean_norm,2027,MTR_nf_g6_mean_norm_s2027,0,845,1,0.619454,0.520046,0.56975,0.4134777697395975,NORM,True
MTR_nf_g6_mean_norm,2028,MTR_nf_g6_mean_norm_s2028,0,833,1,0.620066,0.62091,0.6204879999999999,0.574414418647466,NORM,False
MTR_nf_g6_mean_norm,2029,MTR_nf_g6_mean_norm_s2029,0,837,1,0.620537,0.556484,0.5885104999999999,0.505334228104868,NORM,False
MTR_nf_g6_mean_normfloor,2025,MTR_nf_g6_mean_normfloor_s2025,0,858,1,0.61728,0.639682,0.6284810000000001,0.6045706840661214,NORM_FLOOR,False
MTR_nf_g6_mean_normfloor,2026,MTR_nf_g6_mean_normfloor_s2026,0,866,1,0.620304,0.638526,0.6294150000000001,0.603462230135563,NORM_FLOOR,False
MTR_nf_g6_mean_normfloor,2027,MTR_nf_g6_mean_normfloor_s2027,0,869,1,0.621416,0.640427,0.6309214999999999,0.6148315306960368,NORM_FLOOR,False
MTR_nf_g6_mean_normfloor,2028,MTR_nf_g6_mean_normfloor_s2028,0,866,1,0.619642,0.638405,0.6290235,0.6032551592320966,NORM_FLOOR,False
MTR_nf_g6_mean_normfloor,2029,MTR_nf_g6_mean_normfloor_s2029,0,849,1,0.62126,0.647057,0.6341585000000001,0.6263006909932956,NORM_FLOOR,False
MTR_nf_g6_residual_normfloor,2025,MTR_nf_g6_residual_normfloor_s2025,0,864,1,0.620511,0.641531,0.631021,0.6068759070397602,NORM_FLOOR,False
MTR_nf_g6_residual_normfloor,2026,MTR_nf_g6_residual_normfloor_s2026,0,878,1,0.621801,0.644382,0.6330915,0.618058099158076,NORM_FLOOR,False
MTR_nf_g6_residual_normfloor,2027,MTR_nf_g6_residual_normfloor_s2027,0,865,1,0.618254,0.643214,0.6307339999999999,0.6204162407498508,NORM_FLOOR,False
MTR_nf_g6_residual_normfloor,2028,MTR_nf_g6_residual_normfloor_s2028,0,882,1,0.619732,0.650833,0.6352825,0.6207385498730855,NORM_FLOOR,False
MTR_nf_g6_residual_normfloor,2029,MTR_nf_g6_residual_normfloor_s2029,0,892,1,0.620668,0.647741,0.6342045000000001,0.6242170349200357,NORM_FLOOR,False
